Workbook

Sheet Read Me
A1: Lubist – Web QA Checklist
A3: Scope | B3: Website (customer, vendor portal, RM portal – Next.js) and the Admin Panel.
A4: Where to test | B4: STAGING only. Never production – payments and emails are real there.
A5: How to use | B5: Work top to bottom in 'Checklist'. Do the P1 rows first; the E2E rows are the most important.
A6: Status column | B6: Pick from the dropdown: Not run / Pass / Fail / Blocked / N/A.
A7: On Fail | B7: Add a row in 'Bug Log' and put its Bug ID in the checklist 'Bug ID / Notes' column.
A8: Yellow cells | B8: Columns for you to fill in: Status, Tested on, Tester, Bug ID / Notes, Automate?
A9: Priority | B9: P1 = must pass before release · P2 = important · P3 = nice to have.
A10: Automate? | B10: Mark Yes on flows worth automating later (start with the E2E P1 rows).
A11: Summary | B11: The 'Summary' tab updates automatically from the Status column.
A12: Full guide | B12: See the Word document 'Lubist QA Handover Guide' for URLs, accounts, and known 'not a bug' behaviours.

Sheet Checklist
A1: ID | B1: Module | C1: App | D1: Role(s) | E1: Scenario | F1: Steps | G1: Expected result | H1: Priority | I1: Status | J1: Tested on | K1: Tester | L1: Bug ID / Notes | M1: Automate?
A2: EX-00 | B2: (example) | C2: Website | D2: Customer | E2: Example: how to fill a row | F2: Steps are already written – just follow them. | G2: Compare what you see with this column. | H2: P1 | I2: Fail | J2: 2026-09-22 | K2: Tester name | L2: BUG-001 – total wrong after coupon | M2: Yes
A3: E2E-01 | B3: End-to-end flows | C3: RM Portal + Admin + Vendor Portal | D3: RM → Admin → Vendor | E3: New salon onboarding (full chain) | F3: 1. RM logs in (/login/rm) → Add Salon → fill all steps with a REAL owner email you can open → Submit. 2. Admin Panel → Pending Salons → open the request → Approve. 3. Open owner inbox → click registration link → set password. 4. Vendor logs in (/login/vendor) → pay registration fee (Razorpay test). 5. Open the website /salons as a guest. | G3: Request shows in RM Submissions as Pending, then Approved. Owner gets the email. After payment, vendor dashboard unlocks. Salon appears in public salon list. | H3: P1 | I3: Not run
A4: E2E-02 | B4: End-to-end flows | C4: Admin Panel + RM Portal | D4: Admin → RM | E4: Admin creates a Relationship Manager | F4: 1. Admin Panel → Users → Create User, role = Relationship Manager. 2. Check RM Management page. 3. Log in as the new RM at /login/rm. | G4: RM appears in RM Management. RM can log in and sees RM dashboard (not customer/vendor pages). | H4: P1 | I4: Not run
A5: E2E-03 | B5: End-to-end flows | C5: Website + Vendor Portal + Admin | D5: Customer → Vendor → Admin | E5: Book a service and see it reach the vendor | F5: 1. As vendor, make sure salon has active services. 2. As customer, open the salon → select service(s) → Book → pick date & slot → add to cart. 3. Cart → Checkout → pay with Razorpay test. 4. Check /account/bookings. 5. As vendor, open Bookings → find it → Confirm → later Complete. 6. Customer refreshes /account/bookings. Admin → Appointments. | G5: Booking confirmation page shows correct salon/service/date/amount. Booking appears in vendor Bookings + dashboard 'Today' (if today). Status changes reflect for the customer. Admin sees it in Appointments. | H5: P1 | I5: Not run
A6: E2E-04 | B6: End-to-end flows | C6: Website + Admin | D6: Customer → Admin | E6: Buy a product | F6: 1. /products → open a product → Add to cart. 2. Product cart (/cart/products) → change quantity → Checkout → pay (Razorpay test). 3. Check /account/orders. 4. Admin Panel → Product Orders → update order status. | G6: Totals update with quantity. Order confirmation shown. Order listed in customer Orders and Admin Product Orders; status change visible to customer. | H6: P1 | I6: Not run
A7: E2E-05 | B7: End-to-end flows | C7: Vendor Portal + Website | D7: Vendor → Customer | E7: Vendor coupon applied at checkout | F7: 1. Vendor → Coupons → create coupon (e.g. 10% off, min order). 2. As customer, open that salon: offer should show on salon card/detail. 3. Add services to cart → apply code → checkout. 4. Vendor deactivates coupon → customer tries again. | G7: Discount matches coupon rules (min order, max discount). Amount charged in Razorpay = discounted total. Deactivated coupon is rejected with a clear message. | H7: P1 | I7: Not run
A8: E2E-06 | B8: End-to-end flows | C8: Admin Panel + Website | D8: Admin → Customer | E8: Admin (platform) coupon | F8: 1. Admin → Coupons → create coupon (try a first-time-user coupon too). 2. Customer applies it at cart. | G8: Coupon works on eligible orders only; first-time coupon rejected for a customer who already booked. | H8: P2 | I8: Not run
A9: E2E-07 | B9: End-to-end flows | C9: Vendor Portal + Website | D9: Vendor → Customer | E9: Vendor runs a salon-wide promo | F9: 1. Vendor → Run Promo → set % and dates → Apply. 2. Open the salon as customer. 3. Vendor applies a second promo. | G9: Discounted prices show on salon services. Old promo moves to 'Past Promotions'. Promo and coupon do not stack (bigger discount wins). | H9: P2 | I9: Not run
A10: E2E-08 | B10: End-to-end flows | C10: Website + Vendor Portal | D10: Customer → Vendor | E10: Customer cancels a booking | F10: 1. Customer → /account/bookings → Cancel an upcoming booking. 2. Vendor checks Bookings. | G10: Booking moves to Past/Cancelled for customer; vendor sees status Cancelled. | H10: P1 | I10: Not run
A11: E2E-09 | B11: End-to-end flows | C11: RM Portal + Admin | D11: RM → Admin → RM | E11: Rejected salon request is fixed and resubmitted | F11: 1. RM submits a salon. 2. Admin → Pending Salons → Reject with a reason. 3. RM → Submissions → Rejected tab → Edit & Resubmit. 4. Admin approves. | G11: Rejection reason visible to RM. Resubmitted request returns to Pending. RM score/leaderboard updates after approval/rejection. | H11: P2 | I11: Not run
A12: E2E-10 | B12: End-to-end flows | C12: RM Portal + Admin | D12: RM → Admin → Buyer | E12: Regular buyer (B2B) onboarding | F12: 1. RM → Add Salon → choose Regular Buyer type → submit. 2. Admin approves ('Approve Buyer'). 3. Buyer completes registration and logs in. | G12: Buyer sees 'Business Profile' (no public salon). Buyer does NOT appear in the public salon list. Buyer can buy products. | H12: P2 | I12: Not run
A13: E2E-11 | B13: End-to-end flows | C13: Website + Admin | D13: Customer → Admin | E13: Review after completed booking | F13: 1. Vendor marks a booking Completed. 2. Customer opens the feedback email link → submits rating/review. 3. Open the salon page and /account/reviews. | G13: Review saved once (link shows 'already submitted' on reopen). Review shows on salon page. | H13: P2 | I13: Not run
A14: E2E-12 | B14: End-to-end flows | C14: Website + Admin | D14: Guest → Admin | E14: Partner-with-us and Careers leads | F14: 1. Submit /partner-with-us form. 2. Submit a /careers application. 3. Admin → Partner Requests and Career Applications. | G14: Success message on the website. Both entries appear in Admin with the submitted details. | H14: P2 | I14: Not run
... A59: GEN-05 | B59: General | C59: Website | D59: Any | E59: Emails | F59: Note every email you receive during testing (signup, reset, booking, registration, feedback). | G59: Emails arrive, look correct, links work and point to the right environment. | H59: P2 | I59: Not run

Sheet Summary
A1: Test progress summary
A2: Updates automatically from the Status column in 'Checklist'.
A4: Module | B4: Total | C4: Pass | D4: Fail | E4: Blocked | F4: Not run | G4: N/A | H4: % Passed (of run)
A5: End-to-end flows | B5: =COUNTIF(Checklist!$B$3:$B$109,A5) | C5: =COUNTIFS(Checklist!$B$3:$B$109,$A5,Checklist!$I$3:$I$109,"Pass") | D5: =COUNTIFS(Checklist!$B$3:$B$109,$A5,Checklist!$I$3:$I$109,"Fail") | E5: =COUNTIFS(Checklist!$B$3:$B$109,$A5,Checklist!$I$3:$I$109,"Blocked") | F5: =COUNTIFS(Checklist!$B$3:$B$109,$A5,Checklist!$I$3:$I$109,"Not run") | G5: =COUNTIFS(Checklist!$B$3:$B$109,$A5,Checklist!$I$3:$I$109,"N/A") | H5: =IFERROR(C5/(C5+D5+E5),0)
A6: Auth | B6: =COUNTIF(Checklist!$B$3:$B$109,A6) | C6: =COUNTIFS(Checklist!$B$3:$B$109,$A6,Checklist!$I$3:$I$109,"Pass") | D6: =COUNTIFS(Checklist!$B$3:$B$109,$A6,Checklist!$I$3:$I$109,"Fail") | E6: =COUNTIFS(Checklist!$B$3:$B$109,$A6,Checklist!$I$3:$I$109,"Blocked") | F6: =COUNTIFS(Checklist!$B$3:$B$109,$A6,Checklist!$I$3:$I$109,"Not run") | G6: =COUNTIFS(Checklist!$B$3:$B$109,$A6,Checklist!$I$3:$I$109,"N/A") | H6: =IFERROR(C6/(C6+D6+E6),0)
A7: Public website | B7: =COUNTIF(Checklist!$B$3:$B$109,A7) | C7: =COUNTIFS(Checklist!$B$3:$B$109,$A7,Checklist!$I$3:$I$109,"Pass") | D7: =COUNTIFS(Checklist!$B$3:$B$109,$A7,Checklist!$I$3:$I$109,"Fail") | E7: =COUNTIFS(Checklist!$B$3:$B$109,$A7,Checklist!$I$3:$I$109,"Blocked") | F7: =COUNTIFS(Checklist!$B$3:$B$109,$A7,Checklist!$I$3:$I$109,"Not run") | G7: =COUNTIFS(Checklist!$B$3:$B$109,$A7,Checklist!$I$3:$I$109,"N/A") | H7: =IFERROR(C7/(C7+D7+E7),0)
A8: Cart & checkout | B8: =COUNTIF(Checklist!$B$3:$B$109,A8) | C8: =COUNTIFS(Checklist!$B$3:$B$109,$A8,Checklist!$I$3:$I$109,"Pass") | D8: =COUNTIFS(Checklist!$B$3:$B$109,$A8,Checklist!$I$3:$I$109,"Fail") | E8: =COUNTIFS(Checklist!$B$3:$B$109,$A8,Checklist!$I$3:$I$109,"Blocked") | F8: =COUNTIFS(Checklist!$B$3:$B$109,$A8,Checklist!$I$3:$I$109,"Not run") | G8: =COUNTIFS(Checklist!$B$3:$B$109,$A8,Checklist!$I$3:$I$109,"N/A") | H8: =IFERROR(C8/(C8+D8+E8),0)
A9: Customer account | B9: =COUNTIF(Checklist!$B$3:$B$109,A9) | C9: =COUNTIFS(Checklist!$B$3:$B$109,$A9,Checklist!$I$3:$I$109,"Pass") | D9: =COUNTIFS(Checklist!$B$3:$B$109,$A9,Checklist!$I$3:$I$109,"Fail") | E9: =COUNTIFS(Checklist!$B$3:$B$109,$A9,Checklist!$I$3:$I$109,"Blocked") | F9: =COUNTIFS(Checklist!$B$3:$B$109,$A9,Checklist!$I$3:$I$109,"Not run") | G9: =COUNTIFS(Checklist!$B$3:$B$109,$A9,Checklist!$I$3:$I$109,"N/A") | H9: =IFERROR(C9/(C9+D9+E9),0)
A10: Vendor portal | B10: =COUNTIF(Checklist!$B$3:$B$109,A10) | C10: =COUNTIFS(Checklist!$B$3:$B$109,$A10,Checklist!$I$3:$I$109,"Pass") | D10: =COUNTIFS(Checklist!$B$3:$B$109,$A10,Checklist!$I$3:$I$109,"Fail") | E10: =COUNTIFS(Checklist!$B$3:$B$109,$A10,Checklist!$I$3:$I$109,"Blocked") | F10: =COUNTIFS(Checklist!$B$3:$B$109,$A10,Checklist!$I$3:$I$109,"Not run") | G10: =COUNTIFS(Checklist!$B$3:$B$109,$A10,Checklist!$I$3:$I$109,"N/A") | H10: =IFERROR(C10/(C10+D10+E10),0)
A11: RM portal | B11: =COUNTIF(Checklist!$B$3:$B$109,A11) | C11: =COUNTIFS(Checklist!$B$3:$B$109,$A11,Checklist!$I$3:$I$109,"Pass") | D11: =COUNTIFS(Checklist!$B$3:$B$109,$A11,Checklist!$I$3:$I$109,"Fail") | E11: =COUNTIFS(Checklist!$B$3:$B$109,$A11,Checklist!$I$3:$I$109,"Blocked") | F11: =COUNTIFS(Checklist!$B$3:$B$109,$A11,Checklist!$I$3:$I$109,"Not run") | G11: =COUNTIFS(Checklist!$B$3:$B$109,$A11,Checklist!$I$3:$I$109,"N/A") | H11: =IFERROR(C11/(C11+D11+E11),0)
A12: Admin panel | B12: =COUNTIF(Checklist!$B$3:$B$109,A12) | C12: =COUNTIFS(Checklist!$B$3:$B$109,$A12,Checklist!$I$3:$I$109,"Pass") | D12: =COUNTIFS(Checklist!$B$3:$B$109,$A12,Checklist!$I$3:$I$109,"Fail") | E12: =COUNTIFS(Checklist!$B$3:$B$109,$A12,Checklist!$I$3:$I$109,"Blocked") | F12: =COUNTIFS(Checklist!$B$3:$B$109,$A12,Checklist!$I$3:$I$109,"Not run") | G12: =COUNTIFS(Checklist!$B$3:$B$109,$A12,Checklist!$I$3:$I$109,"N/A") | H12: =IFERROR(C12/(C12+D12+E12),0)
A13: General | B13: =COUNTIF(Checklist!$B$3:$B$109,A13) | C13: =COUNTIFS(Checklist!$B$3:$B$109,$A13,Checklist!$I$3:$I$109,"Pass") | D13: =COUNTIFS(Checklist!$B$3:$B$109,$A13,Checklist!$I$3:$I$109,"Fail") | E13: =COUNTIFS(Checklist!$B$3:$B$109,$A13,Checklist!$I$3:$I$109,"Blocked") | F13: =COUNTIFS(Checklist!$B$3:$B$109,$A13,Checklist!$I$3:$I$109,"Not run") | G13: =COUNTIFS(Checklist!$B$3:$B$109,$A13,Checklist!$I$3:$I$109,"N/A") | H13: =IFERROR(C13/(C13+D13+E13),0)
A14: TOTAL | B14: =SUM(B5:B13) | C14: =SUM(C5:C13) | D14: =SUM(D5:D13) | E14: =SUM(E5:E13) | F14: =SUM(F5:F13) | G14: =SUM(G5:G13) | H14: =IFERROR(C14/(C14+D14+E14),0)
A16: P1 still failing or blocked | B16: =COUNTIFS(Checklist!$H$3:$H$109,"P1",Checklist!$I$3:$I$109,"Fail")+COUNTIFS(Checklist!$H$3:$H$109,"P1",Checklist!$I$3:$I$109,"Blocked")
A17: Release rule of thumb: this number must be 0.

Sheet Bug Log
A1: Bug ID | B1: Test ID | C1: Title | D1: Steps to reproduce | E1: Expected | F1: Actual | G1: Severity | H1: App / URL | I1: Account used | J1: Browser / device | K1: Screenshot / video link | L1: Reported on | M1: Status | O1: Severity guide
A2: BUG-001 | B2: E2E-05 | C2: Coupon total wrong in Razorpay popup | D2: 1. Log in as customer 2. Add 2 services (₹500 each) 3. Apply SAVE10 4. Checkout | E2: Popup shows ₹900 + fee | F2: Popup shows ₹1000 + fee | G2: High | H2: Website /checkout | I2: customer test account | J2: Chrome 128 / Windows | K2: (paste link) | L2: 2026-09-22 | M2: Open | O2: Critical | P2: Payment, booking or login broken; data lost or wrong money
O3: High | P3: Main flow broken, no workaround
O4: Medium | P4: Works but wrong/confusing; workaround exists
O5: Low | P5: Cosmetic: text, spacing, colours
